{"cameraMode":{"drawMode":0,"name":"Shaded","section":"Shading Mode"},"sceneLighting":true,"audioPlay":false,"sceneViewState":{"m_AlwaysRefresh":false,"showFog":true,"showSkybox":true,"showFlares":true,"showImageEffects":true,"showParticleSystems":true,"showVisualEffectGraphs":true,"m_FxEnabled":true},"in2DMode":false,"pivot":{"x":54.00057601928711,"y":-173.59689331054688,"z":-149.84710693359376},"rotation":{"x":0.0027294850442558529,"y":0.8222666382789612,"z":-0.5690833330154419,"w":0.0039441087283194069},"size":124.59197235107422,"orthographic":false}