{"cameraMode":{"drawMode":0,"name":"Shaded","section":"Shading Mode"},"sceneLighting":true,"audioPlay":false,"sceneViewState":{"m_AlwaysRefresh":false,"showFog":true,"showSkybox":true,"showFlares":true,"showImageEffects":true,"showParticleSystems":true,"showVisualEffectGraphs":true,"m_FxEnabled":true},"in2DMode":false,"pivot":{"x":-1.2333080768585206,"y":-0.2525491714477539,"z":-5.105853080749512},"rotation":{"x":0.018721330910921098,"y":0.9666950702667236,"z":-0.24426500499248506,"w":0.07409699261188507},"size":8.168898582458496,"orthographic":false}