{"cameraMode":{"drawMode":0,"name":"Shaded","section":"Shading Mode"},"sceneLighting":true,"audioPlay":false,"sceneViewState":{"m_AlwaysRefresh":false,"showFog":true,"showSkybox":true,"showFlares":true,"showImageEffects":true,"showParticleSystems":true,"showVisualEffectGraphs":true,"m_FxEnabled":true},"in2DMode":false,"pivot":{"x":57.34396743774414,"y":-11.905586242675782,"z":-97.92633056640625},"rotation":{"x":-0.2125958800315857,"y":0.04863651096820831,"z":-0.010590250603854657,"w":-0.9758753776550293},"size":26.435518264770509,"orthographic":false}