{"cameraMode":{"drawMode":0,"name":"Shaded","section":"Shading Mode"},"sceneLighting":true,"audioPlay":false,"sceneViewState":{"m_AlwaysRefresh":false,"showFog":true,"showSkybox":true,"showFlares":true,"showImageEffects":true,"showParticleSystems":true,"showVisualEffectGraphs":true,"m_FxEnabled":true},"in2DMode":false,"pivot":{"x":-2.6726393699645998,"y":-0.5507793426513672,"z":-8.326946258544922},"rotation":{"x":0.012051749043166638,"y":0.9746134281158447,"z":-0.05414654687047005,"w":0.21691951155662538},"size":6.510538578033447,"orthographic":false}